[
    {
        "id": 1,
        "name": "Angela Griffiths",
        "description": "52 Wayland Road, SY13 1RP",
        "date": "8:00 AM - 9:00 AM"
    },
    {
        "id": 2,
        "name": "Angela Griffiths",
        "description": "52 Wayland Road, SY13 1RP",
        "date": "8:00 AM - 9:00 AM"
    },
    {
        "id": 3,
        "name": "Angela Griffiths",
        "description": "52 Wayland Road, SY13 1RP",
        "date": "8:00 AM - 9:00 AM"
    },
    {
        "id": 4,
        "name": "Angela Griffiths",
        "description": "52 Wayland Road, SY13 1RP",
        "date": "8:00 AM - 9:00 AM"
    },
    {
        "id": 5,
        "name": "Angela Griffiths",
        "description": "52 Wayland Road, SY13 1RP",
        "date": "8:00 AM - 9:00 AM"
    },
    {
        "id": 6,
        "name": "Angela Griffiths",
        "description": "52 Wayland Road, SY13 1RP",
        "date": "8:00 AM - 9:00 AM"
    },
    {
        "id": 7,
        "name": "Angela Griffiths",
        "description": "52 Wayland Road, SY13 1RP",
        "date": "8:00 AM - 9:00 AM"
    },
    {
        "id": 8,
        "name": "Angela Griffiths",
        "description": "52 Wayland Road, SY13 1RP",
        "date": "8:00 AM - 9:00 AM"
    }
]